timestamp,open,high,low,close,volume
2025-12-09T18:54:00.000000000,1.16259,1.1628,1.16257,1.16275,73
2025-12-09T18:55:00.000000000,1.16271,1.16276,1.16268,1.16273,61
2025-12-09T18:56:00.000000000,1.16274,1.16276,1.16254,1.16259,69
2025-12-09T18:57:00.000000000,1.16258,1.16262,1.16247,1.16251,46
2025-12-09T18:58:00.000000000,1.16254,1.16284,1.16252,1.16275,69
2025-12-09T18:59:00.000000000,1.16276,1.16286,1.1627,1.16281,62
2025-12-09T19:00:00.000000000,1.16286,1.1629,1.16276,1.1629,66
2025-12-09T19:01:00.000000000,1.16291,1.163,1.16289,1.1629,64
2025-12-09T19:02:00.000000000,1.16291,1.16304,1.16288,1.16299,57
2025-12-09T19:03:00.000000000,1.163,1.16318,1.163,1.16315,59
2025-12-09T19:04:00.000000000,1.16315,1.16324,1.16305,1.16312,58
2025-12-09T19:05:00.000000000,1.16317,1.16327,1.16309,1.16321,39
2025-12-09T19:06:00.000000000,1.16321,1.16343,1.16321,1.16332,49
2025-12-09T19:07:00.000000000,1.16331,1.16332,1.16315,1.16315,37
2025-12-09T19:08:00.000000000,1.16316,1.16324,1.1631,1.16311,39
2025-12-09T19:09:00.000000000,1.16312,1.16327,1.16312,1.16326,32
2025-12-09T19:10:00.000000000,1.16327,1.16335,1.16317,1.16331,63
2025-12-09T19:11:00.000000000,1.16332,1.16358,1.16331,1.16357,46
2025-12-09T19:12:00.000000000,1.16361,1.16371,1.16355,1.16367,53
2025-12-09T19:13:00.000000000,1.16368,1.16376,1.16363,1.16367,55
2025-12-09T19:14:00.000000000,1.16368,1.1637,1.16353,1.16356,43
2025-12-09T19:15:00.000000000,1.16356,1.16365,1.16354,1.16358,53
2025-12-09T19:16:00.000000000,1.16357,1.16364,1.16346,1.16355,49
2025-12-09T19:17:00.000000000,1.16359,1.1637,1.16349,1.16369,37
2025-12-09T19:18:00.000000000,1.1637,1.1637,1.16357,1.1636,44
2025-12-09T19:19:00.000000000,1.16361,1.16374,1.16358,1.16365,35
2025-12-09T19:20:00.000000000,1.16365,1.16386,1.16361,1.16381,50
2025-12-09T19:21:00.000000000,1.16381,1.164,1.1638,1.16387,53
2025-12-09T19:22:00.000000000,1.16385,1.16391,1.16369,1.16379,46
2025-12-09T19:23:00.000000000,1.16379,1.16381,1.16359,1.16369,55
2025-12-09T19:24:00.000000000,1.1637,1.16376,1.16359,1.16363,52
2025-12-09T19:25:00.000000000,1.16362,1.16385,1.16361,1.16385,41
2025-12-09T19:26:00.000000000,1.16387,1.16389,1.1638,1.16385,24
2025-12-09T19:27:00.000000000,1.1639,1.16398,1.16384,1.16393,34
2025-12-09T19:28:00.000000000,1.16392,1.16402,1.16387,1.16389,39
2025-12-09T19:29:00.000000000,1.1639,1.16399,1.16383,1.16385,36
2025-12-09T19:30:00.000000000,1.16384,1.1639,1.16381,1.16383,26
2025-12-09T19:31:00.000000000,1.16385,1.164,1.16385,1.1639,58
2025-12-09T19:32:00.000000000,1.16391,1.16395,1.16385,1.1639,42
2025-12-09T19:33:00.000000000,1.1639,1.16395,1.16383,1.1639,46
2025-12-09T19:34:00.000000000,1.16389,1.1639,1.16372,1.16379,33
2025-12-09T19:35:00.000000000,1.16377,1.16384,1.16369,1.16382,41
2025-12-09T19:36:00.000000000,1.16384,1.16395,1.16384,1.16389,34
2025-12-09T19:37:00.000000000,1.1639,1.16395,1.16383,1.16392,49
2025-12-09T19:38:00.000000000,1.16393,1.16414,1.16393,1.1641,60
2025-12-09T19:39:00.000000000,1.16408,1.16408,1.16385,1.16398,62
2025-12-09T19:40:00.000000000,1.16397,1.16398,1.16365,1.16367,37
2025-12-09T19:41:00.000000000,1.16366,1.16374,1.16363,1.16363,34
2025-12-09T19:42:00.000000000,1.16364,1.16374,1.16363,1.16365,24
2025-12-09T19:43:00.000000000,1.16363,1.16369,1.16361,1.16369,23
2025-12-09T19:44:00.000000000,1.16364,1.16373,1.16356,1.16366,23
2025-12-09T19:45:00.000000000,1.16371,1.16372,1.16358,1.16366,50
2025-12-09T19:46:00.000000000,1.16367,1.16384,1.16367,1.16377,46
2025-12-09T19:47:00.000000000,1.16377,1.16385,1.1637,1.16385,35
2025-12-09T19:48:00.000000000,1.16385,1.16392,1.16375,1.1639,43
2025-12-09T19:49:00.000000000,1.16385,1.16395,1.16384,1.16385,44
2025-12-09T19:50:00.000000000,1.16384,1.16384,1.16369,1.16381,27
2025-12-09T19:51:00.000000000,1.1638,1.1638,1.16368,1.16379,31
2025-12-09T19:52:00.000000000,1.16379,1.16389,1.16378,1.16378,45
2025-12-09T19:53:00.000000000,1.16378,1.16386,1.16378,1.16378,19
2025-12-09T19:54:00.000000000,1.16383,1.16387,1.16373,1.16375,46
2025-12-09T19:55:00.000000000,1.16376,1.16379,1.16374,1.16378,19
2025-12-09T19:56:00.000000000,1.16383,1.16385,1.16371,1.16371,38
2025-12-09T19:57:00.000000000,1.16371,1.16373,1.16368,1.1637,29
2025-12-09T19:58:00.000000000,1.16369,1.1638,1.16366,1.1638,14
2025-12-09T19:59:00.000000000,1.16379,1.16389,1.16369,1.16379,36
2025-12-09T20:00:00.000000000,1.16382,1.1639,1.1638,1.16384,32
2025-12-09T20:01:00.000000000,1.16385,1.16398,1.16376,1.16376,54
2025-12-09T20:02:00.000000000,1.16378,1.16387,1.16368,1.16369,34
2025-12-09T20:03:00.000000000,1.16368,1.16388,1.16368,1.16384,32
2025-12-09T20:04:00.000000000,1.16383,1.16394,1.16375,1.16383,29
2025-12-09T20:05:00.000000000,1.16384,1.16386,1.16367,1.16367,29
2025-12-09T20:06:00.000000000,1.16368,1.16379,1.16363,1.16379,26
2025-12-09T20:07:00.000000000,1.1638,1.16382,1.16358,1.16363,38
2025-12-09T20:08:00.000000000,1.16361,1.16365,1.16353,1.16356,33
2025-12-09T20:09:00.000000000,1.16354,1.16365,1.16352,1.16353,31
2025-12-09T20:10:00.000000000,1.16353,1.16359,1.16344,1.16353,30
2025-12-09T20:11:00.000000000,1.16354,1.16354,1.16337,1.16348,42
2025-12-09T20:12:00.000000000,1.16349,1.16359,1.16344,1.16353,26
2025-12-09T20:13:00.000000000,1.16354,1.1636,1.16352,1.16356,28
2025-12-09T20:14:00.000000000,1.16357,1.16363,1.16341,1.16346,38
2025-12-09T20:15:00.000000000,1.16344,1.16349,1.16335,1.16343,23
2025-12-09T20:16:00.000000000,1.16344,1.16349,1.16333,1.1634,27
2025-12-09T20:17:00.000000000,1.16341,1.16342,1.16329,1.16336,33
2025-12-09T20:18:00.000000000,1.16335,1.16335,1.16302,1.16311,53
2025-12-09T20:19:00.000000000,1.1631,1.16314,1.16294,1.16303,48
2025-12-09T20:20:00.000000000,1.163,1.16301,1.16278,1.16289,65
2025-12-09T20:21:00.000000000,1.16286,1.16291,1.16282,1.16285,37
2025-12-09T20:22:00.000000000,1.16284,1.16296,1.16283,1.16296,39
2025-12-09T20:23:00.000000000,1.16295,1.16295,1.16278,1.16291,44
2025-12-09T20:24:00.000000000,1.1629,1.16295,1.16276,1.16294,30
2025-12-09T20:25:00.000000000,1.16295,1.16312,1.16295,1.16311,29
2025-12-09T20:26:00.000000000,1.16312,1.16313,1.16295,1.163,53
2025-12-09T20:27:00.000000000,1.163,1.16301,1.16282,1.16282,27
2025-12-09T20:28:00.000000000,1.16282,1.16282,1.16268,1.16273,34
2025-12-09T20:29:00.000000000,1.16279,1.16287,1.16273,1.16283,26
2025-12-09T20:30:00.000000000,1.16285,1.16288,1.16277,1.16278,25
2025-12-09T20:31:00.000000000,1.16277,1.16296,1.16277,1.16292,40
2025-12-09T20:32:00.000000000,1.1629,1.16298,1.16286,1.16287,22
2025-12-09T20:33:00.000000000,1.16288,1.16293,1.16282,1.16288,22
2025-12-09T20:34:00.000000000,1.16288,1.16288,1.16278,1.16278,14
2025-12-09T20:35:00.000000000,1.16279,1.16279,1.16252,1.16259,44
2025-12-09T20:36:00.000000000,1.16259,1.16277,1.16256,1.16277,36
2025-12-09T20:37:00.000000000,1.16278,1.16278,1.16264,1.16271,34
2025-12-09T20:38:00.000000000,1.1627,1.16276,1.16263,1.1627,25
2025-12-09T20:39:00.000000000,1.16268,1.16273,1.16257,1.16257,21
2025-12-09T20:40:00.000000000,1.16263,1.16263,1.16252,1.16261,39
2025-12-09T20:41:00.000000000,1.1626,1.16275,1.16257,1.16274,35
2025-12-09T20:42:00.000000000,1.16275,1.16275,1.16258,1.16258,12
2025-12-09T20:43:00.000000000,1.1626,1.16262,1.16251,1.16262,18
2025-12-09T20:44:00.000000000,1.16258,1.16258,1.16249,1.16253,14
2025-12-09T20:45:00.000000000,1.1625,1.16256,1.16248,1.16256,17
2025-12-09T20:46:00.000000000,1.16255,1.16265,1.16248,1.1626,26
2025-12-09T20:47:00.000000000,1.1626,1.16263,1.1626,1.1626,18
2025-12-09T20:48:00.000000000,1.16263,1.16263,1.16254,1.16263,26
2025-12-09T20:49:00.000000000,1.16262,1.16264,1.16249,1.16257,35
2025-12-09T20:50:00.000000000,1.16256,1.16256,1.16242,1.16248,19
2025-12-09T20:51:00.000000000,1.16249,1.16259,1.16248,1.16259,20
2025-12-09T20:52:00.000000000,1.16258,1.16259,1.16238,1.16243,27
2025-12-09T20:53:00.000000000,1.16244,1.16244,1.16228,1.16236,27
2025-12-09T20:54:00.000000000,1.16235,1.16239,1.16221,1.16224,23
2025-12-09T20:55:00.000000000,1.16225,1.16231,1.16222,1.16229,33
2025-12-09T20:56:00.000000000,1.1623,1.1623,1.16219,1.16225,14
2025-12-09T20:57:00.000000000,1.16228,1.16237,1.16222,1.16237,29
2025-12-09T20:58:00.000000000,1.16235,1.16235,1.16221,1.16226,31
2025-12-09T20:59:00.000000000,1.16225,1.16235,1.16223,1.16235,31
2025-12-09T21:00:00.000000000,1.16236,1.16244,1.16229,1.16244,42
2025-12-09T21:01:00.000000000,1.16242,1.16243,1.1623,1.16234,45
2025-12-09T21:02:00.000000000,1.16235,1.16235,1.16229,1.16234,28
2025-12-09T21:03:00.000000000,1.16233,1.16241,1.16229,1.16238,45
2025-12-09T21:04:00.000000000,1.16237,1.16251,1.16228,1.16249,40
2025-12-09T21:05:00.000000000,1.1625,1.1625,1.16238,1.16249,20
2025-12-09T21:06:00.000000000,1.16246,1.16246,1.16223,1.16223,40
2025-12-09T21:07:00.000000000,1.16222,1.16236,1.1622,1.16232,29
2025-12-09T21:08:00.000000000,1.16231,1.16232,1.16226,1.16231,19
2025-12-09T21:09:00.000000000,1.16231,1.16231,1.16222,1.16222,13
2025-12-09T21:10:00.000000000,1.16222,1.16222,1.16206,1.16218,42
2025-12-09T21:11:00.000000000,1.16214,1.16217,1.16204,1.16211,28
2025-12-09T21:12:00.000000000,1.1621,1.16213,1.16203,1.16203,31
2025-12-09T21:13:00.000000000,1.16203,1.16212,1.16199,1.16212,15
2025-12-09T21:14:00.000000000,1.16213,1.16218,1.16204,1.16213,26
2025-12-09T21:15:00.000000000,1.16212,1.16213,1.16203,1.16204,23
2025-12-09T21:16:00.000000000,1.16205,1.16205,1.1618,1.1619,46
2025-12-09T21:17:00.000000000,1.16189,1.16196,1.16188,1.16193,36
2025-12-09T21:18:00.000000000,1.16192,1.16193,1.16173,1.16184,46
2025-12-09T21:19:00.000000000,1.1619,1.16194,1.16184,1.16192,26
2025-12-09T21:20:00.000000000,1.1619,1.1619,1.16176,1.16179,14
2025-12-09T21:21:00.000000000,1.16179,1.16185,1.16166,1.16167,45
2025-12-09T21:22:00.000000000,1.16168,1.16193,1.16166,1.1619,35
2025-12-09T21:23:00.000000000,1.16191,1.16197,1.16185,1.16197,8
2025-12-09T21:24:00.000000000,1.162,1.16205,1.16193,1.162,24
2025-12-09T21:25:00.000000000,1.16199,1.16206,1.16198,1.16204,17
2025-12-09T21:26:00.000000000,1.16203,1.16211,1.16203,1.16208,27
2025-12-09T21:27:00.000000000,1.16208,1.16209,1.16198,1.16204,25
2025-12-09T21:28:00.000000000,1.16203,1.16219,1.16203,1.16213,35
2025-12-09T21:29:00.000000000,1.16214,1.16226,1.16213,1.16225,27
2025-12-09T21:30:00.000000000,1.1622,1.16226,1.16215,1.16226,24
2025-12-09T21:31:00.000000000,1.16225,1.16231,1.16219,1.1623,46
2025-12-09T21:32:00.000000000,1.16224,1.16237,1.16223,1.16233,32
2025-12-09T21:33:00.000000000,1.16232,1.16245,1.16227,1.16238,56
2025-12-09T21:34:00.000000000,1.16238,1.16241,1.1623,1.1623,18
2025-12-09T21:35:00.000000000,1.16229,1.16236,1.16226,1.16231,27
2025-12-09T21:36:00.000000000,1.16228,1.16241,1.16225,1.16238,29
2025-12-09T21:37:00.000000000,1.16242,1.16242,1.16221,1.1623,40
2025-12-09T21:38:00.000000000,1.16231,1.16235,1.16223,1.16223,21
2025-12-09T21:39:00.000000000,1.16226,1.16231,1.16213,1.16222,34
2025-12-09T21:40:00.000000000,1.16221,1.16222,1.16202,1.16211,28
2025-12-09T21:41:00.000000000,1.16212,1.16212,1.16196,1.16207,24
2025-12-09T21:42:00.000000000,1.16206,1.16206,1.16193,1.16195,23
2025-12-09T21:43:00.000000000,1.16193,1.16204,1.16193,1.16202,22
2025-12-09T21:44:00.000000000,1.16201,1.16203,1.16193,1.16203,22
2025-12-09T21:45:00.000000000,1.16205,1.16221,1.16198,1.16218,42
2025-12-09T21:46:00.000000000,1.16218,1.16231,1.16216,1.16221,18
2025-12-09T21:47:00.000000000,1.16221,1.16228,1.16217,1.16218,14
2025-12-09T21:48:00.000000000,1.16217,1.1623,1.16217,1.16223,17
2025-12-09T21:49:00.000000000,1.16224,1.16232,1.16223,1.16226,16
2025-12-09T21:50:00.000000000,1.16227,1.16231,1.16225,1.16225,13
2025-12-09T21:51:00.000000000,1.16227,1.16236,1.16222,1.16222,13
2025-12-09T21:52:00.000000000,1.16223,1.16236,1.1622,1.16232,27
2025-12-09T21:53:00.000000000,1.1623,1.16236,1.1622,1.16233,23
2025-12-09T21:54:00.000000000,1.16236,1.1624,1.16229,1.16238,35
2025-12-09T21:55:00.000000000,1.16235,1.16239,1.16228,1.16228,16
2025-12-09T21:56:00.000000000,1.16226,1.1624,1.16226,1.16239,22
2025-12-09T21:57:00.000000000,1.1624,1.1625,1.1623,1.16248,21
2025-12-09T21:58:00.000000000,1.16246,1.16248,1.16235,1.16243,28
2025-12-09T21:59:00.000000000,1.1624,1.1625,1.16237,1.16244,14
2025-12-09T22:00:00.000000000,1.16241,1.16249,1.16241,1.16247,14
2025-12-09T22:01:00.000000000,1.16248,1.16251,1.16241,1.16244,14
2025-12-09T22:02:00.000000000,1.16244,1.16255,1.16235,1.16239,29
2025-12-09T22:03:00.000000000,1.16239,1.1625,1.16234,1.16237,35
2025-12-09T22:04:00.000000000,1.16238,1.1624,1.16226,1.16229,26
2025-12-09T22:05:00.000000000,1.16232,1.16236,1.1623,1.16235,20
2025-12-09T22:06:00.000000000,1.16232,1.16235,1.16224,1.16227,25
2025-12-09T22:07:00.000000000,1.16228,1.16234,1.16224,1.16234,35
2025-12-09T22:08:00.000000000,1.16235,1.16236,1.16231,1.16235,5
2025-12-09T22:09:00.000000000,1.16234,1.16234,1.16225,1.16231,16
2025-12-09T22:10:00.000000000,1.1623,1.16231,1.16219,1.16224,29
2025-12-09T22:11:00.000000000,1.16226,1.16231,1.16223,1.16231,23
2025-12-09T22:12:00.000000000,1.16227,1.16231,1.16219,1.16224,9
2025-12-09T22:13:00.000000000,1.16225,1.16234,1.16219,1.16222,28
2025-12-09T22:14:00.000000000,1.16223,1.16226,1.16219,1.16221,14
2025-12-09T22:15:00.000000000,1.16225,1.1624,1.16225,1.16239,17
2025-12-09T22:16:00.000000000,1.16238,1.1624,1.16236,1.16237,10
2025-12-09T22:17:00.000000000,1.16234,1.16237,1.16233,1.16233,8
2025-12-09T22:18:00.000000000,1.16237,1.16251,1.16237,1.16245,19
2025-12-09T22:19:00.000000000,1.16246,1.16254,1.16244,1.16245,27
2025-12-09T22:20:00.000000000,1.16245,1.16256,1.16236,1.1624,24
2025-12-09T22:21:00.000000000,1.16241,1.16241,1.16232,1.1624,20
2025-12-09T22:22:00.000000000,1.16242,1.16254,1.16242,1.16254,30
2025-12-09T22:23:00.000000000,1.16255,1.16255,1.16244,1.16249,24
2025-12-09T22:24:00.000000000,1.16248,1.16255,1.16244,1.16248,26
2025-12-09T22:25:00.000000000,1.16247,1.16256,1.16245,1.16255,23
2025-12-09T22:26:00.000000000,1.16254,1.16266,1.1624,1.16266,25
2025-12-09T22:27:00.000000000,1.16267,1.16272,1.16261,1.16265,27
2025-12-09T22:28:00.000000000,1.16267,1.16278,1.16267,1.16273,14
2025-12-09T22:29:00.000000000,1.16271,1.16282,1.16266,1.16275,19
2025-12-09T22:30:00.000000000,1.16276,1.16286,1.16275,1.1628,26
2025-12-09T22:31:00.000000000,1.16281,1.16294,1.16281,1.16294,18
2025-12-09T22:32:00.000000000,1.16294,1.16294,1.16284,1.16291,19
2025-12-09T22:33:00.000000000,1.1629,1.16293,1.1628,1.16282,15
2025-12-09T22:34:00.000000000,1.16283,1.16294,1.1628,1.16292,23
2025-12-09T22:35:00.000000000,1.16291,1.16295,1.16286,1.16289,10
2025-12-09T22:36:00.000000000,1.1629,1.16296,1.16284,1.16285,13
2025-12-09T22:37:00.000000000,1.16285,1.16288,1.16273,1.16273,19
2025-12-09T22:38:00.000000000,1.16274,1.163,1.16274,1.16294,15
2025-12-09T22:39:00.000000000,1.16292,1.16299,1.16287,1.16295,25
2025-12-09T22:40:00.000000000,1.16296,1.16296,1.16286,1.16286,16
2025-12-09T22:41:00.000000000,1.16287,1.16294,1.16285,1.16294,37
2025-12-09T22:42:00.000000000,1.16288,1.16288,1.1627,1.1627,14
2025-12-09T22:43:00.000000000,1.16272,1.16274,1.16267,1.16268,13
2025-12-09T22:44:00.000000000,1.16269,1.16281,1.16269,1.16279,15
2025-12-09T22:45:00.000000000,1.16276,1.16276,1.16263,1.16263,14
2025-12-09T22:46:00.000000000,1.16262,1.16268,1.16255,1.16258,18
2025-12-09T22:47:00.000000000,1.16259,1.16269,1.16258,1.16268,22
2025-12-09T22:48:00.000000000,1.1627,1.16274,1.16263,1.16268,16
2025-12-09T22:49:00.000000000,1.16269,1.16273,1.16264,1.16264,25
2025-12-09T22:50:00.000000000,1.16265,1.16273,1.16264,1.16268,14
2025-12-09T22:51:00.000000000,1.16269,1.16287,1.16269,1.16286,23
2025-12-09T22:52:00.000000000,1.16285,1.16287,1.16273,1.16285,33
2025-12-09T22:53:00.000000000,1.16284,1.16293,1.16282,1.16284,24
2025-12-09T22:54:00.000000000,1.16283,1.1629,1.16282,1.16285,16
2025-12-09T22:55:00.000000000,1.16285,1.16285,1.16275,1.16279,17
2025-12-09T22:56:00.000000000,1.1628,1.163,1.1628,1.16295,31
2025-12-09T22:57:00.000000000,1.16294,1.163,1.1628,1.16285,40
2025-12-09T22:58:00.000000000,1.16282,1.16283,1.16274,1.16279,13
2025-12-09T22:59:00.000000000,1.1628,1.1628,1.1627,1.16279,23
2025-12-09T23:00:00.000000000,1.1628,1.16287,1.16279,1.16287,18
2025-12-09T23:01:00.000000000,1.16283,1.16296,1.16279,1.16289,39
2025-12-09T23:02:00.000000000,1.16289,1.16301,1.16288,1.16293,25
2025-12-09T23:03:00.000000000,1.16292,1.163,1.1629,1.16293,17
2025-12-09T23:04:00.000000000,1.16293,1.163,1.16289,1.1629,25
2025-12-09T23:05:00.000000000,1.16291,1.163,1.16291,1.16296,23
2025-12-09T23:06:00.000000000,1.16293,1.16301,1.1629,1.163,21
2025-12-09T23:07:00.000000000,1.16297,1.16304,1.16294,1.163,30
2025-12-09T23:08:00.000000000,1.16299,1.16306,1.16297,1.16299,23
2025-12-09T23:09:00.000000000,1.163,1.16315,1.16299,1.1631,26
2025-12-09T23:10:00.000000000,1.16308,1.16313,1.16302,1.16313,20
2025-12-09T23:11:00.000000000,1.16314,1.16321,1.1631,1.16311,27
2025-12-09T23:12:00.000000000,1.16312,1.16318,1.16307,1.1631,18
2025-12-09T23:13:00.000000000,1.16315,1.1632,1.16309,1.16316,29
2025-12-09T23:14:00.000000000,1.16313,1.16318,1.16306,1.1631,18
2025-12-09T23:15:00.000000000,1.16307,1.16313,1.16303,1.16305,21
2025-12-09T23:16:00.000000000,1.16309,1.16312,1.163,1.16303,15
2025-12-09T23:17:00.000000000,1.16305,1.16313,1.16305,1.16305,20
2025-12-09T23:18:00.000000000,1.16306,1.16316,1.16305,1.16313,21
2025-12-09T23:19:00.000000000,1.16317,1.16317,1.16305,1.16313,16
2025-12-09T23:20:00.000000000,1.16311,1.16311,1.16301,1.16301,13
2025-12-09T23:21:00.000000000,1.16302,1.16307,1.16296,1.16304,18
2025-12-09T23:22:00.000000000,1.16301,1.16307,1.16296,1.16296,22
2025-12-09T23:23:00.000000000,1.16297,1.16301,1.16295,1.163,12
2025-12-09T23:24:00.000000000,1.16301,1.16305,1.16295,1.16305,25
2025-12-09T23:25:00.000000000,1.16306,1.16308,1.16295,1.16296,15
2025-12-09T23:26:00.000000000,1.16297,1.16303,1.16295,1.16299,20
2025-12-09T23:27:00.000000000,1.16296,1.16309,1.16296,1.16301,22
2025-12-09T23:28:00.000000000,1.16298,1.16304,1.16298,1.16298,11
2025-12-09T23:29:00.000000000,1.16301,1.16302,1.16296,1.163,23
2025-12-09T23:30:00.000000000,1.16305,1.16305,1.16298,1.16304,15
2025-12-09T23:31:00.000000000,1.16303,1.16303,1.16287,1.16287,26
2025-12-09T23:32:00.000000000,1.16286,1.16291,1.16284,1.16284,23
2025-12-09T23:33:00.000000000,1.16283,1.16289,1.16283,1.16286,18
2025-12-09T23:34:00.000000000,1.16285,1.16295,1.16284,1.16285,19
2025-12-09T23:35:00.000000000,1.16286,1.16292,1.16284,1.16286,27
2025-12-09T23:36:00.000000000,1.16285,1.16289,1.1628,1.16287,31
2025-12-09T23:37:00.000000000,1.16285,1.1629,1.16282,1.16288,36
2025-12-09T23:38:00.000000000,1.16289,1.16294,1.16285,1.1629,21
2025-12-09T23:39:00.000000000,1.16291,1.16296,1.16288,1.16293,12
2025-12-09T23:40:00.000000000,1.16294,1.16297,1.16291,1.16291,27
2025-12-09T23:41:00.000000000,1.1629,1.16295,1.16287,1.16289,30
2025-12-09T23:42:00.000000000,1.16293,1.16293,1.16282,1.16282,20
2025-12-09T23:43:00.000000000,1.16283,1.16288,1.16278,1.16279,11
2025-12-09T23:44:00.000000000,1.16277,1.16282,1.16277,1.16281,12
2025-12-09T23:45:00.000000000,1.16284,1.16285,1.16279,1.16281,11
2025-12-09T23:46:00.000000000,1.16282,1.16286,1.16278,1.16279,17
2025-12-09T23:47:00.000000000,1.16282,1.16286,1.16279,1.16286,17
2025-12-09T23:48:00.000000000,1.16285,1.16286,1.1628,1.16283,15
2025-12-09T23:49:00.000000000,1.16286,1.16286,1.1628,1.16282,17
2025-12-09T23:50:00.000000000,1.16286,1.16286,1.1628,1.16281,14
2025-12-09T23:51:00.000000000,1.16283,1.16284,1.16277,1.16281,19
2025-12-09T23:52:00.000000000,1.16278,1.16284,1.16274,1.16276,28
2025-12-09T23:53:00.000000000,1.16277,1.16283,1.16277,1.16277,25
2025-12-09T23:54:00.000000000,1.1628,1.16281,1.16262,1.16264,28
2025-12-09T23:55:00.000000000,1.1627,1.16284,1.1627,1.16282,40
2025-12-09T23:56:00.000000000,1.16281,1.16284,1.16267,1.16275,29
2025-12-09T23:57:00.000000000,1.16279,1.16282,1.16272,1.16272,22
2025-12-09T23:58:00.000000000,1.16273,1.1628,1.16265,1.16271,32
2025-12-09T23:59:00.000000000,1.1627,1.16273,1.16262,1.16268,36
2025-12-10T00:00:00.000000000,1.16267,1.16274,1.16264,1.16267,40
2025-12-10T00:01:00.000000000,1.16259,1.16259,1.16249,1.16253,32
2025-12-10T00:02:00.000000000,1.16251,1.16262,1.16251,1.16259,21
2025-12-10T00:03:00.000000000,1.16258,1.16264,1.16253,1.16255,24
2025-12-10T00:04:00.000000000,1.16258,1.1626,1.16254,1.16257,27
2025-12-10T00:05:00.000000000,1.16259,1.16279,1.16255,1.16276,18
2025-12-10T00:06:00.000000000,1.16272,1.16276,1.16272,1.16273,21
2025-12-10T00:07:00.000000000,1.16274,1.16278,1.1627,1.16274,9
2025-12-10T00:08:00.000000000,1.16274,1.16275,1.16267,1.16272,24
2025-12-10T00:09:00.000000000,1.16273,1.16279,1.16269,1.16275,28
2025-12-10T00:10:00.000000000,1.16279,1.16279,1.16267,1.1627,9
2025-12-10T00:11:00.000000000,1.16271,1.16271,1.16262,1.16265,7
2025-12-10T00:12:00.000000000,1.16268,1.16272,1.1626,1.16264,29
2025-12-10T00:13:00.000000000,1.16263,1.16266,1.16257,1.16257,19
2025-12-10T00:14:00.000000000,1.16259,1.16261,1.16254,1.16255,15
2025-12-10T00:15:00.000000000,1.16254,1.1626,1.16252,1.16258,22
2025-12-10T00:16:00.000000000,1.16259,1.16259,1.16247,1.16251,42
2025-12-10T00:17:00.000000000,1.16253,1.16253,1.16247,1.1625,20
2025-12-10T00:18:00.000000000,1.16247,1.16259,1.16247,1.16253,29
2025-12-10T00:19:00.000000000,1.16256,1.16256,1.16249,1.1625,13
2025-12-10T00:20:00.000000000,1.16254,1.16259,1.1625,1.16254,22
2025-12-10T00:21:00.000000000,1.16252,1.1626,1.16252,1.16256,22
2025-12-10T00:22:00.000000000,1.16252,1.16255,1.16252,1.16254,3
2025-12-10T00:23:00.000000000,1.16258,1.16258,1.16251,1.16253,13
2025-12-10T00:24:00.000000000,1.16256,1.16257,1.1625,1.16254,9
2025-12-10T00:25:00.000000000,1.16253,1.16258,1.1625,1.16252,24
2025-12-10T00:26:00.000000000,1.16255,1.1626,1.16245,1.16245,12
2025-12-10T00:27:00.000000000,1.16244,1.16251,1.16241,1.16246,17
2025-12-10T00:28:00.000000000,1.16247,1.1625,1.16241,1.16248,19
2025-12-10T00:29:00.000000000,1.16251,1.16251,1.16241,1.16241,21
2025-12-10T00:30:00.000000000,1.1624,1.16258,1.1624,1.16252,29
2025-12-10T00:31:00.000000000,1.16253,1.16259,1.16253,1.16256,17
2025-12-10T00:32:00.000000000,1.16259,1.16259,1.16252,1.16253,17
2025-12-10T00:33:00.000000000,1.16256,1.16261,1.16253,1.16258,11
2025-12-10T00:34:00.000000000,1.16261,1.16261,1.16255,1.16258,16
2025-12-10T00:35:00.000000000,1.16258,1.16264,1.16258,1.1626,9
2025-12-10T00:36:00.000000000,1.16263,1.16268,1.16257,1.16261,10
2025-12-10T00:37:00.000000000,1.16268,1.16268,1.16261,1.16261,7
2025-12-10T00:38:00.000000000,1.16258,1.16273,1.16258,1.1627,14
2025-12-10T00:39:00.000000000,1.1627,1.16282,1.16267,1.16282,21
2025-12-10T00:40:00.000000000,1.16282,1.16282,1.16265,1.16269,20
2025-12-10T00:41:00.000000000,1.16271,1.16273,1.16265,1.16273,12
2025-12-10T00:42:00.000000000,1.16278,1.16278,1.16271,1.16274,17
2025-12-10T00:43:00.000000000,1.16274,1.16279,1.16272,1.16272,10
2025-12-10T00:44:00.000000000,1.16275,1.16279,1.16272,1.16272,17
2025-12-10T00:45:00.000000000,1.16275,1.16278,1.16272,1.16275,13
2025-12-10T00:46:00.000000000,1.16276,1.16282,1.16276,1.16279,21
2025-12-10T00:47:00.000000000,1.16282,1.16288,1.16276,1.16285,25
2025-12-10T00:48:00.000000000,1.16284,1.16288,1.16281,1.16284,21
2025-12-10T00:49:00.000000000,1.16284,1.16286,1.16277,1.16279,23
2025-12-10T00:50:00.000000000,1.16282,1.16285,1.16279,1.16284,28
2025-12-10T00:51:00.000000000,1.16283,1.16285,1.16271,1.16277,21
2025-12-10T00:52:00.000000000,1.16274,1.16277,1.16271,1.16274,13
2025-12-10T00:53:00.000000000,1.16274,1.16275,1.16268,1.16272,19
2025-12-10T00:54:00.000000000,1.16272,1.16273,1.1626,1.16263,23
2025-12-10T00:55:00.000000000,1.1626,1.16264,1.16248,1.16251,29
2025-12-10T00:56:00.000000000,1.16235,1.16236,1.16226,1.16235,10
2025-12-10T00:57:00.000000000,1.16237,1.16255,1.16236,1.16247,30
2025-12-10T00:58:00.000000000,1.16247,1.16262,1.16247,1.1626,29
2025-12-10T00:59:00.000000000,1.16261,1.16265,1.16254,1.16258,50
2025-12-10T01:00:00.000000000,1.16258,1.16258,1.16257,1.16257,2
2025-12-10T01:02:00.000000000,1.1626,1.1626,1.16243,1.16243,3
2025-12-10T01:03:00.000000000,1.16258,1.16258,1.16233,1.16243,4
2025-12-10T01:04:00.000000000,1.16242,1.16242,1.16242,1.16242,1
2025-12-10T01:05:00.000000000,1.16187,1.16241,1.16187,1.16224,6
2025-12-10T01:06:00.000000000,1.16236,1.16236,1.16211,1.16225,11
2025-12-10T01:07:00.000000000,1.1623,1.16238,1.1623,1.16238,3
2025-12-10T01:08:00.000000000,1.16236,1.16275,1.16236,1.16275,12
2025-12-10T01:09:00.000000000,1.16275,1.16275,1.16238,1.16238,7
2025-12-10T01:10:00.000000000,1.16239,1.16275,1.16234,1.16234,7
2025-12-10T01:11:00.000000000,1.16234,1.16275,1.1623,1.16275,6
2025-12-10T01:12:00.000000000,1.16275,1.16275,1.16235,1.16275,7
2025-12-10T01:13:00.000000000,1.16275,1.16275,1.16236,1.16275,7
2025-12-10T01:14:00.000000000,1.16275,1.16275,1.16244,1.16275,11
2025-12-10T01:15:00.000000000,1.1625,1.16275,1.16249,1.16275,8
2025-12-10T01:16:00.000000000,1.16257,1.16277,1.16257,1.16273,11
2025-12-10T01:17:00.000000000,1.16274,1.16278,1.16271,1.16273,8
2025-12-10T01:18:00.000000000,1.16273,1.16277,1.16273,1.16274,8
2025-12-10T01:19:00.000000000,1.16277,1.16278,1.16274,1.16278,8
2025-12-10T01:20:00.000000000,1.1628,1.1628,1.16274,1.1628,18
2025-12-10T01:21:00.000000000,1.16277,1.16282,1.16277,1.16278,16
2025-12-10T01:22:00.000000000,1.16277,1.16279,1.16274,1.16277,11
2025-12-10T01:23:00.000000000,1.16277,1.16281,1.16275,1.16278,14
2025-12-10T01:24:00.000000000,1.16281,1.16284,1.1627,1.16282,19
2025-12-10T01:25:00.000000000,1.16279,1.16279,1.16269,1.16269,13
2025-12-10T01:26:00.000000000,1.16272,1.16276,1.16269,1.16274,5
2025-12-10T01:27:00.000000000,1.16274,1.16276,1.16273,1.16273,4
2025-12-10T01:28:00.000000000,1.16276,1.16276,1.1627,1.16273,6
2025-12-10T01:29:00.000000000,1.16273,1.16275,1.16269,1.16273,10
2025-12-10T01:30:00.000000000,1.16272,1.16275,1.16271,1.16272,11
2025-12-10T01:31:00.000000000,1.16272,1.16279,1.1627,1.1627,6
2025-12-10T01:32:00.000000000,1.16271,1.16271,1.16267,1.1627,6
2025-12-10T01:33:00.000000000,1.16273,1.16273,1.16267,1.16271,13
2025-12-10T01:34:00.000000000,1.1627,1.16273,1.16267,1.16273,6
2025-12-10T01:35:00.000000000,1.1627,1.16273,1.16267,1.16267,9
2025-12-10T01:36:00.000000000,1.1627,1.16273,1.16266,1.1627,11
2025-12-10T01:37:00.000000000,1.16267,1.16278,1.16267,1.1627,6
2025-12-10T01:38:00.000000000,1.1627,1.1627,1.16261,1.16267,15
2025-12-10T01:39:00.000000000,1.1627,1.1627,1.16259,1.16266,31
2025-12-10T01:40:00.000000000,1.1627,1.16279,1.16267,1.16272,7
2025-12-10T01:41:00.000000000,1.1627,1.1627,1.16269,1.1627,3
2025-12-10T01:42:00.000000000,1.16269,1.16271,1.16269,1.16271,3
2025-12-10T01:43:00.000000000,1.16267,1.16274,1.16267,1.1627,17
2025-12-10T01:44:00.000000000,1.1627,1.1627,1.1627,1.1627,1
2025-12-10T01:45:00.000000000,1.1627,1.16272,1.16269,1.16269,6
2025-12-10T01:46:00.000000000,1.1627,1.16271,1.16262,1.16267,26
2025-12-10T01:47:00.000000000,1.1627,1.16273,1.16263,1.1627,24
2025-12-10T01:48:00.000000000,1.16269,1.16271,1.16262,1.16269,24
2025-12-10T01:49:00.000000000,1.1627,1.16273,1.16267,1.16269,12
2025-12-10T01:50:00.000000000,1.16269,1.16271,1.16264,1.16264,8
2025-12-10T01:51:00.000000000,1.16267,1.16271,1.16267,1.16267,7
2025-12-10T01:52:00.000000000,1.16259,1.16269,1.16259,1.16269,3
2025-12-10T01:53:00.000000000,1.16279,1.16279,1.16267,1.16269,6
2025-12-10T01:54:00.000000000,1.16273,1.16273,1.16267,1.16268,4
2025-12-10T01:55:00.000000000,1.16271,1.16273,1.16265,1.16265,12
2025-12-10T01:56:00.000000000,1.16265,1.1627,1.1626,1.1627,16
2025-12-10T01:57:00.000000000,1.16266,1.1627,1.16265,1.16266,27
2025-12-10T01:58:00.000000000,1.16266,1.16268,1.16265,1.16265,17
2025-12-10T01:59:00.000000000,1.16266,1.16271,1.16263,1.16269,32
2025-12-10T02:00:00.000000000,1.16266,1.16268,1.1626,1.16265,24
2025-12-10T02:01:00.000000000,1.16267,1.16276,1.1626,1.16265,48
2025-12-10T02:02:00.000000000,1.16265,1.16265,1.16253,1.16256,17
2025-12-10T02:03:00.000000000,1.16256,1.16261,1.16252,1.16258,22
2025-12-10T02:04:00.000000000,1.16258,1.16261,1.16253,1.16256,24
2025-12-10T02:05:00.000000000,1.16253,1.16256,1.16249,1.16256,11
2025-12-10T02:06:00.000000000,1.16256,1.16266,1.16255,1.16261,27
2025-12-10T02:07:00.000000000,1.16261,1.16269,1.16261,1.16269,11
2025-12-10T02:08:00.000000000,1.16266,1.16274,1.16262,1.16269,17
2025-12-10T02:09:00.000000000,1.1627,1.16274,1.16268,1.16273,16
2025-12-10T02:10:00.000000000,1.16273,1.16276,1.16269,1.16276,21
2025-12-10T02:11:00.000000000,1.16276,1.16288,1.16272,1.16282,33
2025-12-10T02:12:00.000000000,1.16282,1.16287,1.16268,1.16273,23
2025-12-10T02:13:00.000000000,1.16273,1.16274,1.16263,1.16266,17
2025-12-10T02:14:00.000000000,1.16266,1.16269,1.16262,1.16266,12
2025-12-10T02:15:00.000000000,1.16265,1.16269,1.16263,1.16266,10
2025-12-10T02:16:00.000000000,1.16266,1.1627,1.16255,1.16258,27
2025-12-10T02:17:00.000000000,1.16259,1.16272,1.16258,1.16265,28
2025-12-10T02:18:00.000000000,1.16265,1.16271,1.16264,1.16265,22
2025-12-10T02:19:00.000000000,1.16266,1.1627,1.16261,1.16267,18
2025-12-10T02:20:00.000000000,1.16264,1.16267,1.1626,1.16263,21
2025-12-10T02:21:00.000000000,1.16266,1.16267,1.1626,1.16264,21
2025-12-10T02:22:00.000000000,1.16264,1.16267,1.16261,1.16263,26
2025-12-10T02:23:00.000000000,1.16266,1.16266,1.1626,1.16263,4
2025-12-10T02:24:00.000000000,1.16263,1.16266,1.1626,1.16263,10
2025-12-10T02:25:00.000000000,1.16267,1.16267,1.16261,1.16264,9
2025-12-10T02:26:00.000000000,1.16264,1.16267,1.16261,1.16263,13
2025-12-10T02:27:00.000000000,1.1626,1.16267,1.1626,1.16261,21
2025-12-10T02:28:00.000000000,1.16264,1.16266,1.16258,1.16264,15
2025-12-10T02:29:00.000000000,1.16267,1.16267,1.1626,1.16266,23
2025-12-10T02:30:00.000000000,1.16263,1.16266,1.1626,1.16263,10
2025-12-10T02:31:00.000000000,1.1626,1.16266,1.16258,1.16261,10
2025-12-10T02:32:00.000000000,1.16261,1.16267,1.16258,1.16263,17
2025-12-10T02:33:00.000000000,1.16263,1.16267,1.16261,1.16263,11
2025-12-10T02:34:00.000000000,1.16263,1.16267,1.1626,1.16263,12
2025-12-10T02:35:00.000000000,1.16269,1.16278,1.16263,1.16268,24
2025-12-10T02:36:00.000000000,1.16268,1.16276,1.16268,1.16273,8
2025-12-10T02:37:00.000000000,1.16276,1.16276,1.16262,1.16272,10
2025-12-10T02:38:00.000000000,1.16269,1.16276,1.16269,1.16276,10
2025-12-10T02:39:00.000000000,1.16276,1.16277,1.16269,1.16269,10
2025-12-10T02:40:00.000000000,1.16269,1.16269,1.16269,1.16269,1
2025-12-10T02:41:00.000000000,1.16269,1.16271,1.16265,1.16268,15
2025-12-10T02:42:00.000000000,1.16269,1.16271,1.16265,1.16266,17
2025-12-10T02:43:00.000000000,1.16265,1.16266,1.1626,1.16261,22
2025-12-10T02:44:00.000000000,1.16262,1.16265,1.16256,1.16259,18
2025-12-10T02:45:00.000000000,1.16259,1.16277,1.16255,1.16277,18
2025-12-10T02:46:00.000000000,1.16271,1.16275,1.16268,1.16272,13
2025-12-10T02:47:00.000000000,1.16273,1.1628,1.16271,1.16276,16
2025-12-10T02:48:00.000000000,1.16274,1.16279,1.16269,1.16273,24
2025-12-10T02:49:00.000000000,1.16276,1.16278,1.16271,1.16274,23
2025-12-10T02:50:00.000000000,1.16277,1.16281,1.16275,1.16281,15
2025-12-10T02:51:00.000000000,1.16275,1.16286,1.16275,1.16283,14
2025-12-10T02:52:00.000000000,1.1628,1.16282,1.16276,1.16282,15
2025-12-10T02:53:00.000000000,1.16279,1.16284,1.16279,1.16284,13
2025-12-10T02:54:00.000000000,1.16284,1.16287,1.16281,1.16284,15
2025-12-10T02:55:00.000000000,1.16283,1.16286,1.16279,1.16282,8
2025-12-10T02:56:00.000000000,1.16279,1.16281,1.16276,1.16278,6
2025-12-10T02:57:00.000000000,1.16278,1.16281,1.16277,1.16277,7
2025-12-10T02:58:00.000000000,1.16276,1.1628,1.16273,1.16278,14
2025-12-10T02:59:00.000000000,1.16277,1.16281,1.16275,1.16278,14
2025-12-10T03:00:00.000000000,1.16281,1.16282,1.16275,1.16282,10
2025-12-10T03:01:00.000000000,1.16281,1.16286,1.16274,1.16283,41
2025-12-10T03:02:00.000000000,1.16286,1.1629,1.16279,1.16285,35
2025-12-10T03:03:00.000000000,1.16289,1.16289,1.16278,1.16278,24
2025-12-10T03:04:00.000000000,1.16278,1.16283,1.16276,1.16278,21
2025-12-10T03:05:00.000000000,1.16277,1.16277,1.16265,1.16265,23
2025-12-10T03:06:00.000000000,1.16264,1.16272,1.16264,1.16272,15
2025-12-10T03:07:00.000000000,1.16272,1.16274,1.16265,1.16268,15
2025-12-10T03:08:00.000000000,1.16268,1.16271,1.16265,1.16265,12
2025-12-10T03:09:00.000000000,1.16268,1.16275,1.16265,1.16272,16
2025-12-10T03:10:00.000000000,1.16269,1.16275,1.16269,1.16275,10
2025-12-10T03:11:00.000000000,1.16275,1.16286,1.16272,1.16281,26
2025-12-10T03:12:00.000000000,1.16282,1.16285,1.16278,1.16281,16
2025-12-10T03:13:00.000000000,1.16284,1.1629,1.16281,1.16284,33
2025-12-10T03:14:00.000000000,1.16285,1.1629,1.1628,1.16283,12
2025-12-10T03:15:00.000000000,1.16286,1.16289,1.16279,1.16279,10
2025-12-10T03:16:00.000000000,1.16279,1.16287,1.16279,1.16287,14
2025-12-10T03:17:00.000000000,1.16288,1.16288,1.16272,1.16273,23
2025-12-10T03:18:00.000000000,1.16273,1.16276,1.1627,1.16273,18
2025-12-10T03:19:00.000000000,1.16276,1.16276,1.1626,1.16268,28
2025-12-10T03:20:00.000000000,1.16265,1.16271,1.16265,1.16271,12
2025-12-10T03:21:00.000000000,1.16271,1.16275,1.16263,1.16268,26
2025-12-10T03:22:00.000000000,1.16268,1.16271,1.16264,1.16266,13
2025-12-10T03:23:00.000000000,1.16263,1.16267,1.16261,1.16264,14
2025-12-10T03:24:00.000000000,1.16268,1.16268,1.16257,1.16267,20
2025-12-10T03:25:00.000000000,1.16267,1.16276,1.16263,1.16263,18
2025-12-10T03:26:00.000000000,1.16263,1.16272,1.16261,1.16261,19
2025-12-10T03:27:00.000000000,1.1626,1.16265,1.16258,1.16261,18
2025-12-10T03:28:00.000000000,1.16261,1.16263,1.16257,1.16257,9
2025-12-10T03:29:00.000000000,1.1626,1.16265,1.16258,1.16258,18
2025-12-10T03:30:00.000000000,1.16261,1.16261,1.1625,1.16251,9
2025-12-10T03:31:00.000000000,1.16251,1.16259,1.16251,1.16256,11
2025-12-10T03:32:00.000000000,1.16255,1.16255,1.16244,1.16248,18
2025-12-10T03:33:00.000000000,1.16248,1.16251,1.16245,1.16248,14
2025-12-10T03:34:00.000000000,1.16253,1.1626,1.16248,1.1626,27
2025-12-10T03:35:00.000000000,1.1626,1.16263,1.16258,1.16259,18
2025-12-10T03:36:00.000000000,1.16259,1.16265,1.16258,1.16262,20
2025-12-10T03:37:00.000000000,1.1626,1.16263,1.16254,1.16257,21
2025-12-10T03:38:00.000000000,1.16255,1.16258,1.16249,1.16255,22
2025-12-10T03:39:00.000000000,1.16252,1.16253,1.16246,1.1625,16
2025-12-10T03:40:00.000000000,1.1625,1.16262,1.16247,1.16262,15
2025-12-10T03:41:00.000000000,1.16263,1.16269,1.16262,1.16266,18
2025-12-10T03:42:00.000000000,1.16266,1.16271,1.16263,1.16266,11
2025-12-10T03:43:00.000000000,1.16269,1.16269,1.16264,1.16264,15
2025-12-10T03:44:00.000000000,1.16266,1.1627,1.16262,1.16267,21
2025-12-10T03:45:00.000000000,1.16268,1.16272,1.16267,1.16267,18
2025-12-10T03:46:00.000000000,1.16267,1.16274,1.16267,1.16273,17
2025-12-10T03:47:00.000000000,1.1627,1.16275,1.16262,1.16267,20
2025-12-10T03:48:00.000000000,1.1627,1.16275,1.16266,1.16271,18
2025-12-10T03:49:00.000000000,1.16271,1.16278,1.16269,1.16275,23
2025-12-10T03:50:00.000000000,1.16272,1.16272,1.16263,1.16267,32
2025-12-10T03:51:00.000000000,1.16265,1.16266,1.16258,1.16261,22
2025-12-10T03:52:00.000000000,1.16261,1.16265,1.16254,1.16265,12
2025-12-10T03:53:00.000000000,1.16262,1.16263,1.16251,1.16255,21
2025-12-10T03:54:00.000000000,1.16256,1.16262,1.16248,1.16257,39
2025-12-10T03:55:00.000000000,1.16258,1.16275,1.16258,1.16259,53
2025-12-10T03:56:00.000000000,1.16261,1.16276,1.16257,1.16276,42
2025-12-10T03:57:00.000000000,1.16273,1.16275,1.16267,1.16269,26
2025-12-10T03:58:00.000000000,1.1627,1.16275,1.16262,1.16271,31
2025-12-10T03:59:00.000000000,1.1627,1.16273,1.16261,1.16261,31
2025-12-10T04:00:00.000000000,1.16261,1.16264,1.1625,1.16264,42
2025-12-10T04:01:00.000000000,1.16264,1.16265,1.16244,1.16248,39
2025-12-10T04:02:00.000000000,1.16249,1.16259,1.16249,1.16252,32
2025-12-10T04:03:00.000000000,1.16252,1.16266,1.16248,1.16261,33
2025-12-10T04:04:00.000000000,1.16261,1.16267,1.16259,1.16263,34
2025-12-10T04:05:00.000000000,1.16263,1.16276,1.16259,1.16275,17
2025-12-10T04:06:00.000000000,1.16276,1.16285,1.16269,1.16282,29
2025-12-10T04:07:00.000000000,1.16281,1.16286,1.16275,1.16275,14
2025-12-10T04:08:00.000000000,1.16276,1.16286,1.16276,1.16279,17
2025-12-10T04:09:00.000000000,1.16282,1.16285,1.16274,1.16275,24
2025-12-10T04:10:00.000000000,1.16278,1.16282,1.16272,1.16273,21
2025-12-10T04:11:00.000000000,1.16269,1.16275,1.16259,1.1626,31
2025-12-10T04:12:00.000000000,1.16263,1.16272,1.16263,1.16267,14
2025-12-10T04:13:00.000000000,1.16268,1.16282,1.16268,1.16279,28
2025-12-10T04:14:00.000000000,1.16279,1.16281,1.16268,1.16273,29
2025-12-10T04:15:00.000000000,1.16273,1.16276,1.1627,1.16273,8
2025-12-10T04:16:00.000000000,1.16273,1.16278,1.1627,1.16278,16
2025-12-10T04:17:00.000000000,1.16278,1.16282,1.16274,1.16279,18
2025-12-10T04:18:00.000000000,1.1628,1.16283,1.16273,1.1628,34
2025-12-10T04:19:00.000000000,1.16282,1.16289,1.16279,1.16284,27
2025-12-10T04:20:00.000000000,1.16283,1.16287,1.1628,1.16286,35
2025-12-10T04:21:00.000000000,1.16284,1.16284,1.16273,1.16274,21
2025-12-10T04:22:00.000000000,1.16277,1.16281,1.1627,1.1628,29
2025-12-10T04:23:00.000000000,1.16278,1.16284,1.16272,1.16275,21
2025-12-10T04:24:00.000000000,1.16275,1.16276,1.1626,1.16263,16
2025-12-10T04:25:00.000000000,1.16263,1.16265,1.16254,1.16256,19
2025-12-10T04:26:00.000000000,1.16259,1.1626,1.16248,1.16249,39
2025-12-10T04:27:00.000000000,1.16249,1.16254,1.16246,1.16252,9
2025-12-10T04:28:00.000000000,1.16252,1.16254,1.16246,1.16253,11
2025-12-10T04:29:00.000000000,1.16252,1.16254,1.1625,1.16252,11
2025-12-10T04:30:00.000000000,1.16251,1.16251,1.1624,1.16241,24
2025-12-10T04:31:00.000000000,1.16241,1.16245,1.16222,1.1623,39
2025-12-10T04:32:00.000000000,1.1623,1.16239,1.16227,1.1623,22
2025-12-10T04:33:00.000000000,1.16229,1.16234,1.16225,1.16233,22
2025-12-10T04:34:00.000000000,1.16233,1.16243,1.16233,1.16236,27
2025-12-10T04:35:00.000000000,1.16236,1.16245,1.16236,1.16242,28
2025-12-10T04:36:00.000000000,1.16241,1.16253,1.16241,1.16252,19
2025-12-10T04:37:00.000000000,1.16251,1.16257,1.16247,1.16257,29
2025-12-10T04:38:00.000000000,1.16256,1.1626,1.1625,1.16253,22
2025-12-10T04:39:00.000000000,1.16253,1.1626,1.16246,1.16246,30
2025-12-10T04:40:00.000000000,1.16244,1.16246,1.16232,1.16238,20
2025-12-10T04:41:00.000000000,1.16238,1.16238,1.16227,1.16237,28
2025-12-10T04:42:00.000000000,1.16236,1.16238,1.16227,1.16233,25
2025-12-10T04:43:00.000000000,1.16236,1.16236,1.16224,1.16233,26
2025-12-10T04:44:00.000000000,1.16236,1.16236,1.16225,1.16227,31
2025-12-10T04:45:00.000000000,1.16228,1.1624,1.16227,1.16233,28
2025-12-10T04:46:00.000000000,1.16233,1.16243,1.16233,1.16243,25
2025-12-10T04:47:00.000000000,1.16244,1.16248,1.16233,1.16236,19
2025-12-10T04:48:00.000000000,1.16235,1.16239,1.16235,1.16236,8
2025-12-10T04:49:00.000000000,1.16236,1.16249,1.16234,1.16249,22
2025-12-10T04:50:00.000000000,1.16249,1.16256,1.16242,1.16256,32
2025-12-10T04:51:00.000000000,1.16256,1.16259,1.16249,1.16249,34
2025-12-10T04:52:00.000000000,1.16252,1.16252,1.16239,1.16239,20
2025-12-10T04:53:00.000000000,1.16238,1.16239,1.16234,1.16234,7
2025-12-10T04:54:00.000000000,1.16235,1.16241,1.16235,1.1624,11
2025-12-10T04:55:00.000000000,1.16241,1.16245,1.16235,1.16245,11
2025-12-10T04:56:00.000000000,1.16245,1.16245,1.16233,1.16239,33
2025-12-10T04:57:00.000000000,1.1624,1.16241,1.16235,1.1624,18
2025-12-10T04:58:00.000000000,1.16235,1.1624,1.16235,1.16236,12
2025-12-10T04:59:00.000000000,1.16239,1.16246,1.16235,1.16241,24
2025-12-10T05:00:00.000000000,1.16244,1.16244,1.16239,1.1624,17
2025-12-10T05:01:00.000000000,1.16237,1.16242,1.1623,1.16241,18
2025-12-10T05:02:00.000000000,1.16244,1.16245,1.16236,1.16237,18
2025-12-10T05:03:00.000000000,1.1624,1.16245,1.1624,1.16245,8
2025-12-10T05:04:00.000000000,1.16242,1.16259,1.16242,1.16252,19
2025-12-10T05:05:00.000000000,1.16256,1.16259,1.16253,1.16258,17
2025-12-10T05:06:00.000000000,1.16253,1.1626,1.16251,1.1626,23
2025-12-10T05:07:00.000000000,1.1626,1.16261,1.16246,1.16252,25
2025-12-10T05:08:00.000000000,1.16252,1.16259,1.16251,1.16254,30
2025-12-10T05:09:00.000000000,1.16254,1.16254,1.16248,1.16253,20
2025-12-10T05:10:00.000000000,1.16254,1.16256,1.16246,1.16246,20
2025-12-10T05:11:00.000000000,1.16249,1.16254,1.16246,1.16254,31
2025-12-10T05:12:00.000000000,1.16255,1.16263,1.16252,1.16258,33
2025-12-10T05:13:00.000000000,1.16257,1.16267,1.16257,1.16258,17
2025-12-10T05:14:00.000000000,1.16258,1.16277,1.16255,1.16277,25
2025-12-10T05:15:00.000000000,1.16271,1.16283,1.16271,1.16277,20
2025-12-10T05:16:00.000000000,1.16283,1.16283,1.16269,1.16281,26
2025-12-10T05:17:00.000000000,1.16282,1.16282,1.16266,1.16266,19
2025-12-10T05:18:00.000000000,1.16263,1.16277,1.16263,1.16268,26
2025-12-10T05:19:00.000000000,1.16269,1.16276,1.16266,1.16273,30
2025-12-10T05:20:00.000000000,1.16273,1.16276,1.16269,1.16269,23
2025-12-10T05:21:00.000000000,1.1627,1.16277,1.16268,1.16272,37
2025-12-10T05:22:00.000000000,1.16273,1.16287,1.16269,1.16279,31
2025-12-10T05:23:00.000000000,1.16277,1.16282,1.16269,1.16271,36
2025-12-10T05:24:00.000000000,1.16272,1.16276,1.16269,1.16273,16
2025-12-10T05:25:00.000000000,1.1627,1.16282,1.1627,1.16282,20
2025-12-10T05:26:00.000000000,1.16281,1.16281,1.16262,1.16266,22
2025-12-10T05:27:00.000000000,1.16266,1.16268,1.16263,1.16268,14
2025-12-10T05:28:00.000000000,1.16269,1.16277,1.16266,1.16273,13
2025-12-10T05:29:00.000000000,1.16273,1.16277,1.16265,1.16272,13
2025-12-10T05:30:00.000000000,1.16266,1.16272,1.16265,1.16265,12
2025-12-10T05:31:00.000000000,1.16265,1.16277,1.16265,1.16277,14
2025-12-10T05:32:00.000000000,1.16278,1.16279,1.16273,1.16274,11
2025-12-10T05:33:00.000000000,1.16273,1.16276,1.16266,1.16266,19
2025-12-10T05:34:00.000000000,1.16266,1.16271,1.16266,1.16271,13
2025-12-10T05:35:00.000000000,1.16269,1.1627,1.16264,1.1627,15
2025-12-10T05:36:00.000000000,1.16272,1.16281,1.16272,1.16278,11
2025-12-10T05:37:00.000000000,1.16279,1.16279,1.16272,1.16273,14
2025-12-10T05:38:00.000000000,1.1627,1.16276,1.16264,1.16264,16
2025-12-10T05:39:00.000000000,1.16264,1.1627,1.16263,1.16264,14
2025-12-10T05:40:00.000000000,1.16264,1.16269,1.16255,1.16257,15
2025-12-10T05:41:00.000000000,1.16257,1.16261,1.16251,1.16258,25
2025-12-10T05:42:00.000000000,1.16258,1.16261,1.1625,1.16256,18
2025-12-10T05:43:00.000000000,1.16256,1.16257,1.16253,1.16253,9
2025-12-10T05:44:00.000000000,1.1625,1.16256,1.1625,1.16252,20
2025-12-10T05:45:00.000000000,1.16251,1.16254,1.1624,1.16241,11
2025-12-10T05:46:00.000000000,1.16242,1.1625,1.16242,1.16245,18
2025-12-10T05:47:00.000000000,1.16247,1.16251,1.16243,1.1625,10
2025-12-10T05:48:00.000000000,1.1625,1.16251,1.16245,1.16245,22
2025-12-10T05:49:00.000000000,1.16247,1.16251,1.16244,1.16248,20
2025-12-10T05:50:00.000000000,1.16251,1.16251,1.16247,1.16247,11
2025-12-10T05:51:00.000000000,1.16244,1.16251,1.16244,1.1625,10
2025-12-10T05:52:00.000000000,1.16247,1.16251,1.16246,1.16251,15
2025-12-10T05:53:00.000000000,1.16252,1.16252,1.16243,1.16247,16
2025-12-10T05:54:00.000000000,1.16249,1.16253,1.16248,1.16251,12
2025-12-10T05:55:00.000000000,1.16251,1.16252,1.16245,1.16251,18
2025-12-10T05:56:00.000000000,1.16248,1.16252,1.16243,1.16244,14
2025-12-10T05:57:00.000000000,1.16243,1.16248,1.1624,1.16248,24
2025-12-10T05:58:00.000000000,1.16248,1.16248,1.16232,1.16236,17
2025-12-10T05:59:00.000000000,1.16237,1.16242,1.16233,1.16238,19
2025-12-10T06:00:00.000000000,1.16236,1.16242,1.1623,1.1624,22
2025-12-10T06:01:00.000000000,1.1624,1.16243,1.16234,1.16242,17
2025-12-10T06:02:00.000000000,1.16242,1.16244,1.16234,1.16235,28
2025-12-10T06:03:00.000000000,1.16235,1.16239,1.16231,1.16237,18
2025-12-10T06:04:00.000000000,1.16237,1.16238,1.1623,1.16237,28
2025-12-10T06:05:00.000000000,1.16238,1.16239,1.16231,1.16237,13
2025-12-10T06:06:00.000000000,1.16236,1.16236,1.16216,1.16221,39
2025-12-10T06:07:00.000000000,1.16222,1.16237,1.16222,1.16237,18
2025-12-10T06:08:00.000000000,1.16237,1.16237,1.1623,1.16237,13
2025-12-10T06:09:00.000000000,1.16234,1.16243,1.16233,1.16239,29
2025-12-10T06:10:00.000000000,1.16239,1.16258,1.16239,1.16255,26
2025-12-10T06:11:00.000000000,1.16256,1.16257,1.16246,1.16256,26
2025-12-10T06:12:00.000000000,1.16254,1.16254,1.16248,1.16248,6
2025-12-10T06:13:00.000000000,1.16248,1.16252,1.16246,1.16251,14
2025-12-10T06:14:00.000000000,1.16252,1.16253,1.16248,1.16253,12
2025-12-10T06:15:00.000000000,1.1625,1.16255,1.1625,1.16251,21
2025-12-10T06:16:00.000000000,1.16251,1.16251,1.1624,1.16243,20
2025-12-10T06:17:00.000000000,1.16246,1.16247,1.1624,1.16243,17
2025-12-10T06:18:00.000000000,1.1624,1.16252,1.1624,1.16249,33
2025-12-10T06:19:00.000000000,1.16248,1.16257,1.16248,1.16257,20
2025-12-10T06:20:00.000000000,1.16254,1.16259,1.16248,1.16257,22
2025-12-10T06:21:00.000000000,1.16256,1.16261,1.16253,1.16259,22
2025-12-10T06:22:00.000000000,1.16255,1.16261,1.16251,1.16251,26
2025-12-10T06:23:00.000000000,1.16248,1.1625,1.16241,1.16248,14
2025-12-10T06:24:00.000000000,1.16245,1.16254,1.16245,1.16249,17
2025-12-10T06:25:00.000000000,1.16252,1.16252,1.16241,1.16245,23
2025-12-10T06:26:00.000000000,1.16243,1.16247,1.16232,1.16233,20
2025-12-10T06:27:00.000000000,1.16239,1.16242,1.16232,1.16232,31
2025-12-10T06:28:00.000000000,1.16238,1.16243,1.16234,1.1624,31
2025-12-10T06:29:00.000000000,1.1624,1.16242,1.16233,1.16241,26
2025-12-10T06:30:00.000000000,1.16245,1.16245,1.16234,1.1624,26
2025-12-10T06:31:00.000000000,1.1624,1.16248,1.16234,1.16247,37
2025-12-10T06:32:00.000000000,1.16246,1.16249,1.16241,1.16249,15
2025-12-10T06:33:00.000000000,1.16246,1.16256,1.1624,1.16256,34
2025-12-10T06:34:00.000000000,1.16256,1.1626,1.16251,1.16252,24
2025-12-10T06:35:00.000000000,1.16254,1.16262,1.16252,1.16258,23
2025-12-10T06:36:00.000000000,1.16258,1.16261,1.16252,1.16261,19
2025-12-10T06:37:00.000000000,1.16262,1.16267,1.16261,1.16263,16
2025-12-10T06:38:00.000000000,1.16264,1.16268,1.16258,1.16264,28
2025-12-10T06:39:00.000000000,1.16261,1.16266,1.16256,1.16263,36
2025-12-10T06:40:00.000000000,1.16266,1.16266,1.16259,1.16266,13
2025-12-10T06:41:00.000000000,1.16266,1.16266,1.16255,1.16265,31
2025-12-10T06:42:00.000000000,1.16262,1.16273,1.16262,1.16273,30
2025-12-10T06:43:00.000000000,1.16267,1.1627,1.16265,1.16269,7
2025-12-10T06:44:00.000000000,1.16272,1.16272,1.16266,1.16269,19
2025-12-10T06:45:00.000000000,1.16266,1.16272,1.16261,1.16262,11
2025-12-10T06:46:00.000000000,1.16265,1.16268,1.16257,1.16262,28
2025-12-10T06:47:00.000000000,1.16259,1.16263,1.16253,1.16256,16
2025-12-10T06:48:00.000000000,1.16255,1.16258,1.16252,1.16252,17
2025-12-10T06:49:00.000000000,1.16252,1.16258,1.16251,1.16255,18
2025-12-10T06:50:00.000000000,1.16259,1.16262,1.16253,1.16259,19
2025-12-10T06:51:00.000000000,1.16256,1.16263,1.16255,1.16259,20
2025-12-10T06:52:00.000000000,1.16259,1.16266,1.16259,1.1626,28
2025-12-10T06:53:00.000000000,1.16259,1.16262,1.16247,1.1625,17
2025-12-10T06:54:00.000000000,1.1625,1.16251,1.1624,1.16243,11
2025-12-10T06:55:00.000000000,1.1624,1.16247,1.16236,1.16247,12
2025-12-10T06:56:00.000000000,1.16246,1.16249,1.16239,1.16246,18
2025-12-10T06:57:00.000000000,1.16247,1.16265,1.16245,1.16265,31
2025-12-10T06:58:00.000000000,1.16267,1.16269,1.16253,1.16255,29
2025-12-10T06:59:00.000000000,1.16256,1.16266,1.16252,1.16263,30
2025-12-10T07:00:00.000000000,1.1626,1.16269,1.1626,1.16264,22
2025-12-10T07:01:00.000000000,1.16265,1.16276,1.16261,1.1627,24
2025-12-10T07:02:00.000000000,1.16273,1.16273,1.16255,1.16262,35
2025-12-10T07:03:00.000000000,1.16262,1.16264,1.16255,1.16264,32
2025-12-10T07:04:00.000000000,1.16261,1.16263,1.16248,1.16256,17
2025-12-10T07:05:00.000000000,1.16255,1.16256,1.16252,1.16255,7
2025-12-10T07:06:00.000000000,1.16249,1.16259,1.16247,1.16253,20
2025-12-10T07:07:00.000000000,1.16254,1.16257,1.1625,1.16257,16
2025-12-10T07:08:00.000000000,1.16256,1.16261,1.16252,1.16261,21
2025-12-10T07:09:00.000000000,1.16258,1.16261,1.16255,1.16258,10
2025-12-10T07:10:00.000000000,1.16258,1.16258,1.16255,1.16258,3
2025-12-10T07:11:00.000000000,1.16258,1.16259,1.16257,1.16258,7
2025-12-10T07:12:00.000000000,1.16259,1.16262,1.16257,1.16258,9
2025-12-10T07:13:00.000000000,1.16258,1.16267,1.16255,1.16264,17
2025-12-10T07:14:00.000000000,1.16267,1.16267,1.1626,1.16262,15
2025-12-10T07:15:00.000000000,1.16265,1.16268,1.16261,1.16263,12
2025-12-10T07:16:00.000000000,1.16263,1.16276,1.1626,1.16274,20
2025-12-10T07:17:00.000000000,1.16271,1.16274,1.16266,1.16269,14
2025-12-10T07:18:00.000000000,1.16272,1.16276,1.16266,1.16273,16
2025-12-10T07:19:00.000000000,1.16276,1.16277,1.16269,1.16272,21
2025-12-10T07:20:00.000000000,1.16269,1.16271,1.1626,1.1626,22
2025-12-10T07:21:00.000000000,1.1626,1.16274,1.1626,1.16274,14
2025-12-10T07:22:00.000000000,1.16271,1.16274,1.1626,1.16263,19
2025-12-10T07:23:00.000000000,1.16263,1.16263,1.16255,1.16258,20
2025-12-10T07:24:00.000000000,1.16255,1.16261,1.16254,1.16258,15
2025-12-10T07:25:00.000000000,1.16261,1.16267,1.16258,1.16267,17
2025-12-10T07:26:00.000000000,1.16264,1.16267,1.16261,1.16264,15
2025-12-10T07:27:00.000000000,1.16264,1.16267,1.16264,1.16264,5
2025-12-10T07:28:00.000000000,1.16265,1.16267,1.16261,1.16264,6
2025-12-10T07:29:00.000000000,1.16267,1.16267,1.16263,1.16263,7
2025-12-10T07:30:00.000000000,1.16264,1.16267,1.16264,1.16267,8
2025-12-10T07:31:00.000000000,1.16264,1.16267,1.16259,1.16264,21
2025-12-10T07:32:00.000000000,1.16267,1.16268,1.16258,1.1626,16
2025-12-10T07:33:00.000000000,1.16261,1.16269,1.16255,1.16263,18
2025-12-10T07:34:00.000000000,1.16264,1.16269,1.1626,1.16263,15
2025-12-10T07:35:00.000000000,1.16265,1.16271,1.1626,1.16271,32
2025-12-10T07:36:00.000000000,1.16271,1.16276,1.16265,1.16266,22
2025-12-10T07:37:00.000000000,1.16266,1.16276,1.16266,1.16276,31
2025-12-10T07:38:00.000000000,1.16276,1.16276,1.1627,1.1627,17
2025-12-10T07:39:00.000000000,1.16268,1.16275,1.16268,1.16272,19
2025-12-10T07:40:00.000000000,1.16274,1.16287,1.16273,1.1628,16
2025-12-10T07:41:00.000000000,1.1628,1.16284,1.16277,1.1628,14
2025-12-10T07:42:00.000000000,1.1628,1.16282,1.16276,1.16282,24
2025-12-10T07:43:00.000000000,1.16279,1.16282,1.16276,1.16278,12
2025-12-10T07:44:00.000000000,1.16279,1.16284,1.16275,1.16277,17
2025-12-10T07:45:00.000000000,1.16277,1.16282,1.16276,1.16276,6
2025-12-10T07:46:00.000000000,1.16276,1.16285,1.16276,1.16278,17
2025-12-10T07:47:00.000000000,1.16279,1.16282,1.16275,1.1628,19
2025-12-10T07:48:00.000000000,1.1628,1.16287,1.16279,1.16285,10
2025-12-10T07:49:00.000000000,1.16287,1.16291,1.16284,1.1629,25
2025-12-10T07:50:00.000000000,1.16284,1.1629,1.16284,1.16288,19
2025-12-10T07:51:00.000000000,1.16289,1.16295,1.16282,1.16286,16
2025-12-10T07:52:00.000000000,1.16283,1.16289,1.16282,1.16285,10
2025-12-10T07:53:00.000000000,1.16291,1.16291,1.1628,1.1628,25
2025-12-10T07:54:00.000000000,1.1628,1.16288,1.1628,1.16282,14
2025-12-10T07:55:00.000000000,1.16282,1.16285,1.16276,1.16285,19
2025-12-10T07:56:00.000000000,1.16282,1.16286,1.16274,1.16282,26
2025-12-10T07:57:00.000000000,1.16279,1.16282,1.16274,1.16279,16
2025-12-10T07:58:00.000000000,1.16278,1.16284,1.16275,1.16282,25
2025-12-10T07:59:00.000000000,1.16282,1.16282,1.16275,1.16279,23
2025-12-10T08:00:00.000000000,1.16278,1.1628,1.16271,1.1628,28
2025-12-10T08:01:00.000000000,1.16277,1.16278,1.16268,1.16275,19
2025-12-10T08:02:00.000000000,1.16274,1.16276,1.16268,1.16275,21
2025-12-10T08:03:00.000000000,1.16278,1.16278,1.16265,1.16269,20
2025-12-10T08:04:00.000000000,1.16272,1.16273,1.16264,1.16268,20
2025-12-10T08:05:00.000000000,1.16269,1.1628,1.16269,1.16274,19
2025-12-10T08:06:00.000000000,1.16274,1.16278,1.16274,1.16275,9
2025-12-10T08:07:00.000000000,1.16278,1.16281,1.16271,1.16281,18
2025-12-10T08:08:00.000000000,1.16281,1.16286,1.16275,1.16283,16
2025-12-10T08:09:00.000000000,1.16283,1.16283,1.1627,1.16276,11
2025-12-10T08:10:00.000000000,1.16273,1.16277,1.1627,1.16272,17
2025-12-10T08:11:00.000000000,1.16272,1.16275,1.16267,1.16273,20
2025-12-10T08:12:00.000000000,1.16273,1.16281,1.1627,1.16281,17
2025-12-10T08:13:00.000000000,1.16278,1.16281,1.16272,1.16274,15
2025-12-10T08:14:00.000000000,1.16274,1.16278,1.16271,1.16274,12
2025-12-10T08:15:00.000000000,1.16273,1.16273,1.1627,1.16273,9
2025-12-10T08:16:00.000000000,1.16273,1.16278,1.1627,1.16275,32
2025-12-10T08:17:00.000000000,1.16275,1.16277,1.16267,1.1627,33
2025-12-10T08:18:00.000000000,1.16273,1.16273,1.16266,1.1627,22
2025-12-10T08:19:00.000000000,1.1627,1.16271,1.16262,1.16262,20
2025-12-10T08:20:00.000000000,1.16263,1.16271,1.16262,1.16271,10
2025-12-10T08:21:00.000000000,1.16277,1.16283,1.16275,1.1628,20
2025-12-10T08:22:00.000000000,1.1628,1.16283,1.16275,1.16278,13
2025-12-10T08:23:00.000000000,1.16278,1.16285,1.16277,1.16283,25
2025-12-10T08:24:00.000000000,1.16283,1.16283,1.16267,1.16272,22
2025-12-10T08:25:00.000000000,1.16272,1.16272,1.16262,1.1627,18
2025-12-10T08:26:00.000000000,1.16276,1.16276,1.16265,1.16265,22
2025-12-10T08:27:00.000000000,1.16264,1.1628,1.16262,1.16277,24
2025-12-10T08:28:00.000000000,1.16274,1.16278,1.16265,1.16273,15
2025-12-10T08:29:00.000000000,1.1627,1.16271,1.16264,1.16264,12
2025-12-10T08:30:00.000000000,1.16264,1.16272,1.16264,1.16269,12
2025-12-10T08:31:00.000000000,1.16268,1.16271,1.16265,1.16271,15
2025-12-10T08:32:00.000000000,1.16272,1.16277,1.16266,1.16276,18
2025-12-10T08:33:00.000000000,1.16273,1.16287,1.16273,1.16286,25
2025-12-10T08:34:00.000000000,1.16285,1.16286,1.16278,1.16286,17
2025-12-10T08:35:00.000000000,1.16289,1.16296,1.16287,1.1629,16
2025-12-10T08:36:00.000000000,1.16296,1.16297,1.16289,1.16297,14
2025-12-10T08:37:00.000000000,1.16296,1.16296,1.16282,1.16289,19
2025-12-10T08:38:00.000000000,1.1629,1.16294,1.16285,1.16294,20
2025-12-10T08:39:00.000000000,1.16295,1.16295,1.16285,1.16295,20
2025-12-10T08:40:00.000000000,1.16292,1.16296,1.1629,1.1629,4
2025-12-10T08:41:00.000000000,1.1629,1.16296,1.16289,1.1629,13
2025-12-10T08:42:00.000000000,1.16286,1.16293,1.16283,1.16286,17
2025-12-10T08:43:00.000000000,1.16286,1.16292,1.16285,1.16289,24
2025-12-10T08:44:00.000000000,1.16291,1.16292,1.16285,1.1629,15
2025-12-10T08:45:00.000000000,1.16289,1.16296,1.16286,1.16295,21
2025-12-10T08:46:00.000000000,1.16289,1.16295,1.16288,1.16292,27
2025-12-10T08:47:00.000000000,1.16293,1.16298,1.1629,1.1629,14
2025-12-10T08:48:00.000000000,1.1629,1.16299,1.1629,1.16297,16
2025-12-10T08:49:00.000000000,1.16296,1.16299,1.1629,1.16299,8
2025-12-10T08:50:00.000000000,1.16299,1.16306,1.16293,1.16305,28
2025-12-10T08:51:00.000000000,1.16303,1.16305,1.16297,1.16305,15
2025-12-10T08:52:00.000000000,1.16305,1.16311,1.16304,1.16305,7
2025-12-10T08:53:00.000000000,1.16304,1.16304,1.16299,1.16301,13
2025-12-10T08:54:00.000000000,1.16302,1.16304,1.16296,1.16303,17
2025-12-10T08:55:00.000000000,1.16302,1.16309,1.16295,1.16309,14
2025-12-10T08:56:00.000000000,1.16309,1.16309,1.16296,1.16296,18
2025-12-10T08:57:00.000000000,1.16296,1.16301,1.16291,1.16294,30
2025-12-10T08:58:00.000000000,1.16297,1.16297,1.16288,1.16293,26
2025-12-10T08:59:00.000000000,1.1629,1.16298,1.16289,1.16289,20
2025-12-10T09:00:00.000000000,1.1629,1.163,1.16287,1.16294,27
2025-12-10T09:01:00.000000000,1.16294,1.16301,1.16292,1.16298,20
2025-12-10T09:02:00.000000000,1.16292,1.16298,1.1629,1.16292,14
2025-12-10T09:03:00.000000000,1.16295,1.16296,1.16283,1.16291,27
2025-12-10T09:04:00.000000000,1.16291,1.16292,1.16284,1.16288,39
2025-12-10T09:05:00.000000000,1.16288,1.16297,1.16284,1.16295,34
2025-12-10T09:06:00.000000000,1.16295,1.16307,1.16295,1.16301,15
2025-12-10T09:07:00.000000000,1.16301,1.16306,1.16299,1.16304,16
2025-12-10T09:08:00.000000000,1.16306,1.1631,1.163,1.1631,21
2025-12-10T09:09:00.000000000,1.16307,1.16312,1.16302,1.16302,30
2025-12-10T09:10:00.000000000,1.16302,1.16306,1.16297,1.16297,19
2025-12-10T09:11:00.000000000,1.16298,1.16305,1.16298,1.16299,22
2025-12-10T09:12:00.000000000,1.163,1.1631,1.16299,1.16306,15
2025-12-10T09:13:00.000000000,1.16306,1.16322,1.16306,1.16312,27
2025-12-10T09:14:00.000000000,1.16318,1.16321,1.16312,1.16319,12
2025-12-10T09:15:00.000000000,1.16318,1.16322,1.16315,1.16315,20
2025-12-10T09:16:00.000000000,1.16315,1.16325,1.16314,1.16318,11
2025-12-10T09:17:00.000000000,1.16317,1.16322,1.16315,1.16322,18
2025-12-10T09:18:00.000000000,1.1632,1.16331,1.16315,1.16325,25
2025-12-10T09:19:00.000000000,1.16331,1.16336,1.16325,1.16336,40
2025-12-10T09:20:00.000000000,1.16336,1.16337,1.16326,1.16326,38
2025-12-10T09:21:00.000000000,1.16326,1.16328,1.16324,1.16324,10
2025-12-10T09:22:00.000000000,1.16324,1.16327,1.16319,1.16326,22
2025-12-10T09:23:00.000000000,1.1632,1.16326,1.16319,1.1632,5
2025-12-10T09:24:00.000000000,1.16323,1.16326,1.1632,1.1632,19
2025-12-10T09:25:00.000000000,1.1632,1.16326,1.1632,1.1632,15
2025-12-10T09:26:00.000000000,1.16319,1.1632,1.1631,1.1631,14
2025-12-10T09:27:00.000000000,1.1631,1.16318,1.1631,1.16315,31
2025-12-10T09:28:00.000000000,1.16312,1.16323,1.1631,1.16322,34
2025-12-10T09:29:00.000000000,1.1632,1.16326,1.16319,1.16322,18
2025-12-10T09:30:00.000000000,1.16322,1.16326,1.16314,1.16314,25
2025-12-10T09:31:00.000000000,1.16315,1.16331,1.1631,1.16331,29
2025-12-10T09:32:00.000000000,1.16331,1.16332,1.16322,1.16322,21
2025-12-10T09:33:00.000000000,1.16328,1.16328,1.16318,1.16324,24
2025-12-10T09:34:00.000000000,1.16323,1.16323,1.16314,1.16322,14
2025-12-10T09:35:00.000000000,1.16321,1.16326,1.16316,1.1632,20
2025-12-10T09:36:00.000000000,1.16319,1.16319,1.16313,1.16313,13
2025-12-10T09:37:00.000000000,1.16314,1.16322,1.16311,1.16311,27
2025-12-10T09:38:00.000000000,1.1631,1.16317,1.16309,1.16317,7
2025-12-10T09:39:00.000000000,1.16316,1.16317,1.16302,1.16302,29
2025-12-10T09:40:00.000000000,1.16308,1.16308,1.16299,1.16304,16
2025-12-10T09:41:00.000000000,1.16303,1.1631,1.16297,1.16307,32
2025-12-10T09:42:00.000000000,1.16301,1.16312,1.163,1.16312,24
2025-12-10T09:43:00.000000000,1.16311,1.16318,1.16308,1.16317,18
2025-12-10T09:44:00.000000000,1.16316,1.16319,1.1631,1.16312,25
2025-12-10T09:45:00.000000000,1.16312,1.16318,1.16311,1.16312,20
2025-12-10T09:46:00.000000000,1.16313,1.16327,1.16313,1.16326,33
2025-12-10T09:47:00.000000000,1.16325,1.16332,1.16325,1.16328,17
2025-12-10T09:48:00.000000000,1.16328,1.16335,1.1632,1.1632,27
2025-12-10T09:49:00.000000000,1.16319,1.16334,1.16319,1.16333,20
2025-12-10T09:50:00.000000000,1.16335,1.16345,1.1633,1.16344,24
2025-12-10T09:51:00.000000000,1.16344,1.16356,1.16338,1.16338,33
2025-12-10T09:52:00.000000000,1.16339,1.16347,1.16337,1.1634,22
2025-12-10T09:53:00.000000000,1.16339,1.16342,1.16338,1.16338,16
2025-12-10T09:54:00.000000000,1.16338,1.16346,1.16338,1.16345,10
2025-12-10T09:55:00.000000000,1.16339,1.16343,1.16335,1.16337,15
2025-12-10T09:56:00.000000000,1.16338,1.16346,1.16335,1.16346,28
2025-12-10T09:57:00.000000000,1.16346,1.16351,1.16342,1.16345,28
2025-12-10T09:58:00.000000000,1.16345,1.16357,1.16345,1.16351,21
2025-12-10T09:59:00.000000000,1.16351,1.16356,1.16346,1.16356,31
2025-12-10T10:00:00.000000000,1.16356,1.16357,1.16349,1.16349,36
2025-12-10T10:01:00.000000000,1.16349,1.16356,1.16342,1.16352,39
2025-12-10T10:02:00.000000000,1.16348,1.16354,1.16345,1.16346,22
2025-12-10T10:03:00.000000000,1.16345,1.16357,1.16345,1.16356,17
2025-12-10T10:04:00.000000000,1.16357,1.16357,1.16346,1.16348,27
2025-12-10T10:05:00.000000000,1.16348,1.16357,1.16348,1.16356,28
2025-12-10T10:06:00.000000000,1.1635,1.16363,1.1635,1.16361,31
2025-12-10T10:07:00.000000000,1.16355,1.16375,1.16355,1.16369,44
2025-12-10T10:08:00.000000000,1.1637,1.16381,1.1637,1.16375,12
2025-12-10T10:09:00.000000000,1.16376,1.16381,1.16369,1.16369,21
2025-12-10T10:10:00.000000000,1.16368,1.16377,1.16367,1.16376,24
2025-12-10T10:11:00.000000000,1.16376,1.16388,1.16376,1.16382,33
2025-12-10T10:12:00.000000000,1.16379,1.16379,1.16368,1.16371,23
2025-12-10T10:13:00.000000000,1.16371,1.16386,1.16366,1.16378,30
2025-12-10T10:14:00.000000000,1.16376,1.16383,1.16372,1.16373,47
2025-12-10T10:15:00.000000000,1.16374,1.16378,1.16364,1.1637,26
2025-12-10T10:16:00.000000000,1.16371,1.16379,1.16368,1.16368,23
2025-12-10T10:17:00.000000000,1.16367,1.16378,1.16367,1.16374,21
2025-12-10T10:18:00.000000000,1.16376,1.16382,1.16373,1.16373,29
2025-12-10T10:19:00.000000000,1.16373,1.16382,1.16373,1.16373,18
2025-12-10T10:20:00.000000000,1.16374,1.16391,1.16374,1.16389,56
2025-12-10T10:21:00.000000000,1.16391,1.16395,1.16386,1.16387,33
2025-12-10T10:22:00.000000000,1.16388,1.16401,1.16388,1.16397,28
2025-12-10T10:23:00.000000000,1.16394,1.16399,1.16382,1.16385,23
2025-12-10T10:24:00.000000000,1.16385,1.16386,1.16382,1.16385,8
2025-12-10T10:25:00.000000000,1.16385,1.16391,1.16374,1.16374,14
2025-12-10T10:26:00.000000000,1.16375,1.16381,1.16374,1.16376,11
2025-12-10T10:27:00.000000000,1.16374,1.16383,1.16372,1.16377,29
2025-12-10T10:28:00.000000000,1.16376,1.1638,1.16371,1.16376,23
2025-12-10T10:29:00.000000000,1.16375,1.16386,1.16375,1.1638,23
2025-12-10T10:30:00.000000000,1.16382,1.16386,1.1638,1.1638,9
2025-12-10T10:31:00.000000000,1.16381,1.16386,1.1638,1.16381,17
2025-12-10T10:32:00.000000000,1.16382,1.16399,1.16382,1.16395,43
2025-12-10T10:33:00.000000000,1.16396,1.16396,1.16393,1.16396,9
2025-12-10T10:34:00.000000000,1.16397,1.16403,1.16392,1.16398,27
2025-12-10T10:35:00.000000000,1.16398,1.16403,1.16391,1.16397,35
2025-12-10T10:36:00.000000000,1.16396,1.16396,1.16369,1.16369,37
2025-12-10T10:37:00.000000000,1.16374,1.16375,1.1636,1.16361,27
2025-12-10T10:38:00.000000000,1.16361,1.16375,1.1636,1.16371,32
2025-12-10T10:39:00.000000000,1.1637,1.16373,1.1636,1.16363,25
2025-12-10T10:40:00.000000000,1.16362,1.16373,1.16361,1.1637,14
2025-12-10T10:41:00.000000000,1.16366,1.16387,1.16366,1.16382,35
2025-12-10T10:42:00.000000000,1.16384,1.16387,1.16381,1.16382,12
2025-12-10T10:43:00.000000000,1.16381,1.16395,1.16379,1.16391,25
2025-12-10T10:44:00.000000000,1.16393,1.16403,1.16392,1.16398,19
2025-12-10T10:45:00.000000000,1.16397,1.16401,1.16384,1.16384,17
2025-12-10T10:46:00.000000000,1.16385,1.16389,1.16372,1.16378,36
2025-12-10T10:47:00.000000000,1.16377,1.16382,1.16375,1.1638,20
2025-12-10T10:48:00.000000000,1.16379,1.16383,1.16368,1.16382,42
2025-12-10T10:49:00.000000000,1.16383,1.16393,1.16377,1.16393,38
2025-12-10T10:50:00.000000000,1.16391,1.16401,1.16386,1.16395,42
2025-12-10T10:51:00.000000000,1.16396,1.16406,1.16393,1.16403,40
2025-12-10T10:52:00.000000000,1.16402,1.16407,1.16389,1.16389,52
2025-12-10T10:53:00.000000000,1.16388,1.16392,1.16384,1.16385,26
2025-12-10T10:54:00.000000000,1.16387,1.16389,1.16383,1.16388,29
2025-12-10T10:55:00.000000000,1.1639,1.1645,1.16385,1.16444,76
2025-12-10T10:56:00.000000000,1.16442,1.16476,1.16434,1.16474,94
2025-12-10T10:57:00.000000000,1.16476,1.1649,1.16462,1.16488,78
2025-12-10T10:58:00.000000000,1.16487,1.16495,1.16455,1.16483,103
2025-12-10T10:59:00.000000000,1.16483,1.16497,1.16474,1.16487,72
2025-12-10T11:00:00.000000000,1.16486,1.16488,1.16481,1.16483,57
2025-12-10T11:01:00.000000000,1.1648,1.16484,1.16439,1.16444,79
2025-12-10T11:02:00.000000000,1.16445,1.16452,1.16435,1.16442,53
2025-12-10T11:03:00.000000000,1.16441,1.16451,1.16437,1.1645,50
2025-12-10T11:04:00.000000000,1.16449,1.16466,1.16444,1.16461,60
2025-12-10T11:05:00.000000000,1.1646,1.16472,1.16452,1.16452,37
2025-12-10T11:06:00.000000000,1.16453,1.1648,1.16452,1.16473,44
2025-12-10T11:07:00.000000000,1.16473,1.16489,1.16471,1.16475,42
2025-12-10T11:08:00.000000000,1.16475,1.1649,1.16475,1.16488,44
2025-12-10T11:09:00.000000000,1.16487,1.16494,1.1648,1.1648,53
2025-12-10T11:10:00.000000000,1.16484,1.16488,1.1647,1.16476,43
2025-12-10T11:11:00.000000000,1.16477,1.16481,1.1647,1.16481,23
2025-12-10T11:12:00.000000000,1.16476,1.16476,1.16469,1.16473,23
2025-12-10T11:13:00.000000000,1.1647,1.1647,1.16449,1.16455,41
2025-12-10T11:14:00.000000000,1.16451,1.16455,1.16443,1.16455,42
2025-12-10T11:15:00.000000000,1.16455,1.16464,1.16452,1.16455,35
2025-12-10T11:16:00.000000000,1.16456,1.16456,1.16441,1.16444,50
2025-12-10T11:17:00.000000000,1.16442,1.16456,1.16441,1.16456,28
2025-12-10T11:18:00.000000000,1.16457,1.16462,1.16453,1.16461,31
2025-12-10T11:19:00.000000000,1.16461,1.16471,1.16457,1.1647,29
2025-12-10T11:20:00.000000000,1.16475,1.1648,1.1647,1.16478,26
2025-12-10T11:21:00.000000000,1.16477,1.16488,1.16477,1.16479,34
2025-12-10T11:22:00.000000000,1.16477,1.16483,1.16467,1.16475,36
2025-12-10T11:23:00.000000000,1.16475,1.16483,1.16475,1.16483,20
2025-12-10T11:24:00.000000000,1.16482,1.16496,1.16482,1.16485,53
2025-12-10T11:25:00.000000000,1.16489,1.16497,1.16485,1.16486,43
2025-12-10T11:26:00.000000000,1.16485,1.16494,1.16482,1.16494,35
2025-12-10T11:27:00.000000000,1.16495,1.16495,1.1648,1.1648,30
2025-12-10T11:28:00.000000000,1.1648,1.1649,1.16478,1.16489,32
2025-12-10T11:29:00.000000000,1.16486,1.16496,1.16483,1.16484,42
2025-12-10T11:30:00.000000000,1.16485,1.16501,1.16482,1.16501,33
2025-12-10T11:31:00.000000000,1.16505,1.16505,1.16474,1.16474,59
2025-12-10T11:32:00.000000000,1.16477,1.16504,1.16477,1.16491,39
2025-12-10T11:33:00.000000000,1.16495,1.16509,1.16491,1.16509,38
2025-12-10T11:34:00.000000000,1.1651,1.16535,1.16508,1.16531,50
